TARGET_CLASS,configuration_id,criterion,ctg_min_time_per_job,ctg_schedule,search_budget,p_object_pool,ctg_time_per_class,Size,Length,Total_Time,Random_Seed,LineCoverage,LineCoverageBitString,BranchCoverage,BranchCoverageBitString,ExceptionCoverage,ExceptionCoverageBitString,Explicit_MethodExceptions,Explicit_TypeExceptions,Implicit_MethodExceptions,Implicit_TypeExceptions,WeakMutationScore,WeakMutationCoverageBitString,OutputCoverage,OutputCoverageBitString,MethodCoverage,MethodCoverageBitString,MethodNoExceptionCoverage,MethodNoExceptionCoverageBitString,CBranchCoverage,CBranchCoverageBitString
org.apache.commons.cli.help.TextStyle,default,LINE;BRANCH;EXCEPTION;WEAKMUTATION;OUTPUT;METHOD;METHODNOEXCEPTION;CBRANCH,1,BUDGET,58,0.3,2,37,131,71555,1763169116888,1.0,111111111111111111111111111111111111111111111111111111111111111111111111,0.9782608695652174,1111111111111111111111111111011111111111111111,1.0,111,0,0,3,3,0.9852216748768473,11111111111111111111111111111111111111111111111111111111111111011111111111111111111111111111111111111111111111111111111111110111111111111111111111111111111111111111111111111111111111111111111111110111111,0.6052631578947368,00100101000101010111111111111110110010,1.0,1111111111111111111111,1.0,1111111111111111111111,0.9782608695652174,1111111111111111111111111011111111111111111111
